target|time|link
2024-08-28||https://www.cair.com/press_releases/cair-2024-election-survey-of-american-muslims-shows-jill-stein-kamala-harris-tied-at-29-gaza-genocide-a-top-concern/
2024-08-28|2024-08-30T13:13:29.381Z|https://www.reuters.com/world/us/harris-widens-lead-over-trump-with-boost-women-hispanics-reutersipsos-poll-finds-2024-08-29/
2024-08-28||https://www.facinghistory.org/resource-library/teaching-resources-us-elections
2024-08-28||https://www.usnews.com/news/elections/articles/decision-guides-where-harris-and-trump-stand-on-the-issues
2024-08-28||https://www.usnews.com/news/national-news/articles/2024-08-28/explainer-the-cases-against-trump-and-why-they-matter
2024-08-29|2024-08-30T03:46:55-07:00|https://www.business-standard.com/world-news/how-the-us-will-choose-its-next-president-election-process-explained-124083000632_1.html
2024-08-29||https://www.rankincounty.org/department/division.php?structureid=19
2024-08-30|2024-08-31T16:29:36+00:00|https://www.8newsnow.com/news/national-news/why-do-gas-prices-drop-around-presidential-elections/
2024-08-31||https://www.ocfelections.gov/general2024
2024-08-31||https://www.politico.com/news/2024/09/01/us-election-software-national-security-threats-00176615
2024-09-01||https://www.post-gazette.com/news/election-2024/2024/09/02/kamala-harris-biden-us-steel-unions-pittsburgh-labor-day/stories/202409020052
2024-09-01|2024-09-02T20:19:09.659Z|https://www.reuters.com/world/us/trump-says-he-had-every-right-interfere-2020-election-2024-09-02/
2024-09-01||https://www.politico.com/news/2024/09/02/trump-harris-polls-2024-00176981
2024-09-02||https://www.politico.com/news/magazine/2024/09/03/election-forecasts-data-00176905
2024-09-02||https://www.usnews.com/news/national-news/articles/2024-09-03/rfk-jr-s-pro-trump-election-scheme-hits-a-snag
2024-09-03||https://pubsonline.informs.org/do/10.1287/orms.2024.03.03/full/
2024-09-03|2024-09-04T14:20:56.068Z|https://www.reuters.com/world/china-us-climate-envoys-meet-presidential-election-casts-shadow-2024-09-04/
2024-09-03|2024-09-04T17:11:00|https://www.spglobal.com/commodityinsights/en/market-insights/latest-news/electric-power/090424-elections-2024-biden-era-energy-and-climate-regulations-reach-a-crossroads
2024-09-03||https://www.usnews.com/news/national-news/articles/2024-09-04/exclusive-poll-shows-harris-ignites-enthusiasm-among-young-adults-in-critical-swing-states
2024-09-04|2024-09-05T13:01:28.639238Z|https://www.axios.com/2024/09/05/putin-harris-trump-2024-election-russia-interference
2024-09-04||https://www.co.somerset.nj.us/residents/election-guidelines
2024-09-05|2024-09-06T13:38:44.292Z|https://www.reuters.com/world/us/trump-adopt-musks-proposal-government-efficiency-commission-wsj-reports-2024-09-05/
2024-09-05||https://www.usnews.com/news/elections/articles/2024-09-06/how-new-voting-laws-in-swing-states-could-affect-the-election
2024-09-05||https://www.crowe.com/insights/tax-news-highlights/comparing-2024-presidential-candidates-tax-proposals
2024-09-06||https://www.politico.com/news/2024/09/07/foreign-influence-2024-election-00177828
2024-09-06|2024-09-07T16:28:33.367Z|https://www.washingtonpost.com/national-security/2024/09/07/russia-election-covert-disinformation-doj/
2024-09-06|2024-09-06T18:59:54-07:00|https://www.business-standard.com/world-news/hindu-group-endorses-donald-trump-over-harris-in-us-presidential-elections-124090700053_1.html
2024-09-06|2024-09-10T14:50:10+00:00|https://www.nbc4i.com/news/your-local-election-hq/new-ohio-poll-shows-whos-leading-races-for-president-senator/
2024-09-07|2024-09-08T03:17:28.349Z|https://www.reuters.com/world/us/former-us-president-george-w-bush-does-not-plan-make-election-endorsement-2024-09-08/
2024-09-08||https://www.spglobal.com/marketintelligence/en/mi/research-analysis/serving-up-volatility-how-us-presidential-elections-rally-the-.html
2024-09-08|2024-10-10T21:03:01.000Z|https://www.independent.co.uk/news/world/americas/us-politics/trump-harris-polls-latest-tracker-debate-b2609532.html
2024-09-08|2024-09-18T12:02:44-04:00|https://www.piie.com/blogs/realtime-economics/2024/trump-vs-harris-immigration-future-policy-proposals
2024-09-08|2024-09-09T12:59:14+00:00|https://www.france24.com/en/americas/20240909-historian-predicted-nearly-every-us-election-winner-kamal-harris-will-win
2024-09-08|2024-09-09T15:51:14.489Z|https://www.reuters.com/world/russia-focusing-american-social-media-stars-covertly-influence-voters-2024-09-09/
2024-09-08||https://www.politico.com/news/magazine/2024/09/08/venezuela-migrants-maduro-regime-00177840
2024-09-09||https://www.usnews.com/news/elections/articles/2024-09-10/harris-v-trump-handicapping-the-2024-presidential-election
2024-09-10|2024-09-12T01:05:46.789Z|https://www.reuters.com/world/us/abc-us-presidential-debate-attracted-575-million-tv-viewers-preliminary-nielsen-2024-09-11/
2024-09-10|2024-09-11T02:01:26-07:00|https://www.business-standard.com/world-news/which-celebs-are-backing-kamala-harris-in-the-us-presidential-election-124091100689_1.html
2024-09-11||https://www.cisa.gov/news-events/news/fbi-and-cisa-release-joint-psa-just-so-you-know-false-claims-hacked-voter-information-likely
2024-09-11||https://www.usnews.com/news/national-news/articles/2024-09-11/6-key-takeaways-from-the-harris-trump-presidential-debate
2024-09-12||https://www.usnews.com/news/elections/articles/the-2024-swing-states-north-carolina-could-sway-the-2024-election
2024-09-12|2024-10-31T19:34:01+00:00|https://www.thetrevorproject.org/resources/guide/coping-with-intense-emotions-around-the-election/
2024-09-12|2024-09-13T18:02:35.803Z|https://www.reuters.com/world/us/one-four-us-black-men-under-50-support-trump-president-naacp-poll-finds-2024-09-13/
2024-09-12|2024-09-13T10:00:13Z|https://www.politico.com/live-updates/2024/09/13/congress/house-centrists-vow-to-certify-2024-election-00178945
2024-09-13||https://www.usnews.com/news/national-news/articles/2024-09-13/trump-vs-harris-on-tax-policy-what-to-know
2024-09-14|2024-09-16T03:30:07.059Z|https://www.reuters.com/world/us/trump-is-safe-following-gunshots-his-vicinity-says-campaign-2024-09-15/
2024-09-15|2024-11-26T21:33:19+00:00|https://www.americanprogress.org/article/the-power-of-one-vote/
2024-09-15||https://www.forex.com/en/news-and-analysis/us-election-impact-on-eurusd-forecast-and-trading-strategies/
2024-09-16||https://www.usnews.com/news/elections/articles/the-2024-swing-states-nevada-could-sway-the-presidential-election
2024-09-16|2024-09-17T09:07:09.356Z|https://www.reuters.com/world/us/teamsters-meet-vp-harris-could-make-us-presidential-pick-this-week-2024-09-16/
2024-09-16||https://www.politico.com/news/2024/09/17/russian-election-interference-harris-campaign-00179619
2024-09-16||https://www.co.augusta.va.us/Home/Components/News/News/2539/14
